timestamp,session_id,turn_id,model,permission_mode,duration_approx_ms,cwd,last_msg_snippet,note
2026-05-26 15:23:37,019e632e-5d31-7c82-a4f8-d363b7841020,019e632e-9df7-7720-8647-dc4ad36082c0,gpt-5.5,default,N/A,D:\J2EE\Web_Pharma_QuangDuong,"Đã làm xong và đã tuân thủ điểm bạn nhấn mạnh: tôi đã gọi `planner`  sau đó pers",tokens=N/A;scope=main-turn;duration=approx
2026-05-26 15:57:47,019e632e-5d31-7c82-a4f8-d363b7841020,019e6369-2732-7ec0-ab2a-1524f1d3f5f6,gpt-5.5,default,2050000,D:\J2EE\Web_Pharma_QuangDuong,"Bạn đúng. Bản trước có 2 lỗi thật: code style đối phó trong `events.html`  và lo",tokens=N/A;scope=main-turn;duration=approx
2026-05-26 18:48:50,019e632e-5d31-7c82-a4f8-d363b7841020,019e6412-f797-7042-8ca1-0e9f82a7656e,gpt-5.5,default,N/A,D:\J2EE\Web_Pharma_QuangDuong,"Đúng  có vi phạm. Tôi đã đối chiếu với baseline git gần nhất đang có trong repo:",tokens=N/A;scope=main-turn;duration=approx
2026-05-26 19:34:37,019e632e-5d31-7c82-a4f8-d363b7841020,019e6429-534d-7c70-b06e-f35fb9a9ecdb,gpt-5.5,default,2746000,D:\J2EE\Web_Pharma_QuangDuong,"Đã kiểm tra lại theo đúng flow: đã dùng `planner`  persist plan vào `.ai-memory/",tokens=N/A;scope=main-turn;duration=approx
2026-05-26 23:52:50,019e632e-5d31-7c82-a4f8-d363b7841020,019e6526-bf87-7860-bf66-59c6755a8a00,gpt-5.5,default,N/A,D:\J2EE\Web_Pharma_QuangDuong,"Đã tiếp tục và fix toàn diện phần “Các lỗi chính” theo correction mới của bạn.  ",tokens=N/A;scope=main-turn;duration=approx
2026-06-02 01:44:43,019e8476-8713-7133-b5c0-b8445f69bbb8,019e8476-a9d3-78d3-ae19-4f6aa244db34,gpt-5.5,default,N/A,D:\J2EE\Web_Pharma_QuangDuong,"**Verdict: KH├öNG N├èN MERGE** Planner ─æ├ú chia audit th├ánh 8 task: inventory ",tokens=N/A;scope=main-turn;duration=approx
2026-06-02 13:22:57,019e86f5-8643-7ab1-902a-66868a582bdd,019e86f5-b5ce-76a1-8fce-860d968f649a,gpt-5.5,default,N/A,D:\J2EE\Web_Pharma_QuangDuong,"**Kß║┐t Quß║ú Review** ─É├ú gß╗ìi `planner` v├á thß╗▒c hiß╗çn blind review theo ",tokens=N/A;scope=main-turn;duration=approx
2026-06-03 09:21:45,019e8b42-f6bb-7860-84e0-71bb9f882d74,019e8b43-0d43-7681-8a21-a28cb5a964f9,gpt-5.5,default,N/A,D:\J2EE\Web_Pharma_QuangDuong,"**Kết luận** Tôi đã gọi `planner` và audit ở chế độ chỉ đọc. Mốc so sánh tôi dùn",tokens=N/A;scope=main-turn;duration=approx
2026-06-03 09:38:52,019e8b42-f6bb-7860-84e0-71bb9f882d74,019e8b58-aca4-7f23-8037-ce6ed1517c97,gpt-5.5,default,1027000,D:\J2EE\Web_Pharma_QuangDuong,"Nói tự nhiên hơn:  Hệ thống của bạn **đã thật sự nâng cấp lên phân quyền động** ",tokens=N/A;scope=main-turn;duration=approx
2026-06-03 09:40:47,019e8b42-f6bb-7860-84e0-71bb9f882d74,019e8b5a-7190-7570-b5d7-28a7cc7e0411,gpt-5.5,default,115000,D:\J2EE\Web_Pharma_QuangDuong,"Nếu fix  tôi sẽ fix theo thứ tự này:  1. **Siết `ROLE_MANAGE` trước**        Đây",tokens=N/A;scope=main-turn;duration=approx
2026-06-03 09:44:59,019e8b42-f6bb-7860-84e0-71bb9f882d74,019e8b5d-ecb3-7cc0-92cd-a7cca4300cb4,gpt-5.5,default,252000,D:\J2EE\Web_Pharma_QuangDuong,"Giả sử:  - SUPERADMIN tạo role `ADMIN` - `ADMIN` có `roleLevel = 1` - Tài khoản ",tokens=N/A;scope=main-turn;duration=approx
2026-06-03 10:22:58,019e8b42-f6bb-7860-84e0-71bb9f882d74,019e8b6f-4b4c-7b13-b56f-8552c87f9e0e,gpt-5.5,default,2279000,D:\J2EE\Web_Pharma_QuangDuong,"Đã gọi `planner`  ghi plan vào memory  rồi triển khai theo đúng rule bạn sửa.  Đ",tokens=N/A;scope=main-turn;duration=approx
2026-06-03 11:35:02,019e8b42-f6bb-7860-84e0-71bb9f882d74,019e8bc2-727d-7e50-acff-9ada016c8cf4,gpt-5.5,default,N/A,D:\J2EE\Web_Pharma_QuangDuong,"Theo logic code vừa triển khai  nếu SUPERADMIN `LV0` tạo role `ADMIN_L1` có `rol",tokens=N/A;scope=main-turn;duration=approx
2026-06-03 11:52:32,019e8b42-f6bb-7860-84e0-71bb9f882d74,019e8bd2-7732-7ff2-bb58-a87619ef4d15,gpt-5.5,default,1051000,D:\J2EE\Web_Pharma_QuangDuong,"Bạn đúng. Hướng đó **tốt hơn phân loại độ nhạy cảm**.  Cách nghĩ đúng là:  > Adm",tokens=N/A;scope=main-turn;duration=approx
2026-06-03 11:59:19,019e8b42-f6bb-7860-84e0-71bb9f882d74,019e8bd4-dd45-7a30-952f-afb7dbda28cf,gpt-5.5,default,406000,D:\J2EE\Web_Pharma_QuangDuong,"Đã triển khai rule bạn yêu cầu: **Admin non-LV0 chỉ được tạo/sửa/clone/gán role ",tokens=N/A;scope=main-turn;duration=approx
2026-06-03 12:02:35,019e8b42-f6bb-7860-84e0-71bb9f882d74,019e8bdb-527b-7830-ad9c-91d85b276c3b,gpt-5.5,default,196000,D:\J2EE\Web_Pharma_QuangDuong,"Với ví dụ cụ thể này:  Superadmin `LV0` tạo role `ADMIN_L1`  gán cho tài khoản `",tokens=N/A;scope=main-turn;duration=approx
2026-06-03 12:11:35,019e8b42-f6bb-7860-84e0-71bb9f882d74,019e8be4-60ad-7b53-954e-2f3b2a01908a,gpt-5.5,default,540000,D:\J2EE\Web_Pharma_QuangDuong,"Đúng. `ROLE_MANAGE` đang quá thô.  Nếu hệ thống đã chọn “quyền hạt lựu”  thì các",tokens=N/A;scope=main-turn;duration=approx
2026-06-03 12:41:32,019e8b42-f6bb-7860-84e0-71bb9f882d74,019e8be6-9c5d-74b1-9c7f-388ea4e56a91,gpt-5.5,default,1798000,D:\J2EE\Web_Pharma_QuangDuong,"Đã triển khai tách quyền RBAC hạt lựu  không còn dùng `ROLE_MANAGE` cho endpoint",tokens=N/A;scope=main-turn;duration=approx
2026-06-03 12:48:59,019e8b42-f6bb-7860-84e0-71bb9f882d74,019e8c06-b897-7e52-be7c-4badc95d20ae,gpt-5.5,default,446000,D:\J2EE\Web_Pharma_QuangDuong,"Ở lần sửa bỏ `ROLE_MANAGE`  tôi đã sửa các file chức năng sau:  - [PermissionReg",tokens=N/A;scope=main-turn;duration=approx
2026-06-03 12:58:57,019e8b42-f6bb-7860-84e0-71bb9f882d74,019e8c0f-a909-76c3-b964-3213f37bd34c,gpt-5.5,default,598000,D:\J2EE\Web_Pharma_QuangDuong,"Kết quả kiểm tra:  Không  tôi **không sửa phần “Ma trận quyền thao tác” trong [u",tokens=N/A;scope=main-turn;duration=approx
2026-06-03 13:04:25,019e8b42-f6bb-7860-84e0-71bb9f882d74,019e8c14-e5da-7573-b3d3-931680036f79,gpt-5.5,default,328000,D:\J2EE\Web_Pharma_QuangDuong,"Không. Tôi **không đổi logic từ “chỉ hiện quyền thực tế của role” sang “hiện toà",tokens=N/A;scope=main-turn;duration=approx
